INSERT INTO students(id,first_name,last_name,age,subject) VALUES(1,David,Miller,32,3)
INSERT INTO students(id,first_name,last_name,age,subject) VALUES(2,Sarah,Johnson,28,1)
INSERT INTO students(id,first_name,last_name,age,subject) VALUES(3,Robert,Williams,35,4)
INSERT INTO students(id,first_name,last_name,age,subject) VALUES(4,Emily,Anderson,30,5)
INSERT INTO students(id,first_name,last_name,age,subject) VALUES(5,Michael,Smith,29,4)
INSERT INTO students(id,first_name,last_name,age,subject) VALUES(6,Olivia,Johnson,31,5)
INSERT INTO students(id,first_name,last_name,age,subject) VALUES(7,Matthew,Brown,27,3)
INSERT INTO students(id,first_name,last_name,age,subject) VALUES(8,John,Doe,29,1)
INSERT INTO students(id,first_name,last_name,age,subject) VALUES(9,Laura,Clark,30,2)
INSERT INTO students(id,first_name,last_name,age,subject) VALUES(10,Rebecca,Wilson,33,2)
INSERT INTO students(id,first_name,last_name,age,subject) VALUES(11,Chris,Evans,31,1)
INSERT INTO students(id,first_name,last_name,age,subject) VALUES(12,Anna,Robinson,29,1)
INSERT INTO students(id,first_name,last_name,age,subject) VALUES(13,James,Moore,34,5)
INSERT INTO students(id,first_name,last_name,age,subject) VALUES(14,Elizabeth,White,28,3)
INSERT INTO students(id,first_name,last_name,age,subject) VALUES(15,William,Harris,30,5)
INSERT INTO students(id,first_name,last_name,age,subject) VALUES(16,Julia,Lewis,32,4)
INSERT INTO students(id,first_name,last_name,age,subject) VALUES(17,Daniel,Turner,29,3)
INSERT INTO students(id,first_name,last_name,age,subject) VALUES(18,Grace,Parker,35,4)
INSERT INTO students(id,first_name,last_name,age,subject) VALUES(19,Charles,Bennett,28,2)
INSERT INTO students(id,first_name,last_name,age,subject) VALUES(20,Sophia,Wright,30,1)
--




















--
INSERT INTO subjects(id,subject) VALUES(1,Mathematics)
INSERT INTO subjects(id,subject) VALUES(2,Science)
INSERT INTO subjects(id,subject) VALUES(3,English)
INSERT INTO subjects(id,subject) VALUES(4,History)
INSERT INTO subjects(id,subject) VALUES(5,Physical Education)
--
INSERT INTO teachers(id,first_name,last_name,age,subject) VALUES(1,David,Miller,32,1)
INSERT INTO teachers(id,first_name,last_name,age,subject) VALUES(2,Sarah,Johnson,28,2)
INSERT INTO teachers(id,first_name,last_name,age,subject) VALUES(3,Robert,Williams,35,3)
INSERT INTO teachers(id,first_name,last_name,age,subject) VALUES(4,Emily,Anderson,30,4)
INSERT INTO teachers(id,first_name,last_name,age,subject) VALUES(5,Michael,Smith,29,5)
--